{"cameraMode":{"drawMode":0,"name":"Shaded","section":"Shading Mode"},"sceneLighting":true,"audioPlay":false,"sceneViewState":{"m_AlwaysRefresh":false,"showFog":true,"showSkybox":false,"showFlares":true,"showImageEffects":true,"showParticleSystems":true,"showVisualEffectGraphs":true,"m_FxEnabled":true},"in2DMode":false,"pivot":{"x":1.095986247062683,"y":0.7134276628494263,"z":-0.41501402854919436},"rotation":{"x":-0.21458569169044496,"y":-0.44119322299957278,"z":0.10951614379882813,"w":-0.864470362663269},"size":1.1536720991134644,"orthographic":false}