{"cameraMode":{"drawMode":0,"name":"Shaded","section":"Shading Mode"},"sceneLighting":false,"audioPlay":false,"sceneViewState":{"m_AlwaysRefresh":false,"showFog":true,"showSkybox":false,"showFlares":true,"showImageEffects":true,"showParticleSystems":true,"showVisualEffectGraphs":true,"m_FxEnabled":true},"in2DMode":false,"pivot":{"x":0.3804846405982971,"y":0.18382412195205689,"z":0.6368283629417419},"rotation":{"x":-0.008382610976696015,"y":-0.9387222528457642,"z":0.3432566821575165,"w":-0.022616112604737283},"size":0.8660253882408142,"orthographic":false}