{"cameraMode":{"drawMode":0,"name":"Shaded","section":"Shading Mode"},"sceneLighting":false,"audioPlay":false,"sceneViewState":{"m_AlwaysRefresh":false,"showFog":true,"showSkybox":false,"showFlares":true,"showImageEffects":true,"showParticleSystems":true,"showVisualEffectGraphs":true,"m_FxEnabled":true},"in2DMode":false,"pivot":{"x":1.4010931253433228,"y":-0.5005271434783936,"z":-0.6747620105743408},"rotation":{"x":-0.24622970819473267,"y":-0.7097367644309998,"z":0.29629409313201907,"w":-0.5894587635993958},"size":2.2808098793029787,"orthographic":false}