{"cameraMode":{"drawMode":0,"name":"Shaded","section":"Shading Mode"},"sceneLighting":false,"audioPlay":false,"sceneViewState":{"m_AlwaysRefresh":false,"showFog":true,"showSkybox":false,"showFlares":true,"showImageEffects":true,"showParticleSystems":true,"showVisualEffectGraphs":true,"m_FxEnabled":true},"in2DMode":false,"pivot":{"x":0.8347469568252564,"y":-0.40625375509262087,"z":0.47827810049057009},"rotation":{"x":-0.11560473591089249,"y":-0.4683695435523987,"z":0.06195284053683281,"w":-0.8735231757164002},"size":0.9457213878631592,"orthographic":false}